<?xml version="1.0" encoding="UTF-8"?>
<!DOCTYPE suite SYSTEM "https://testng.org/testng-1.0.dtd">
<suite name="Suite">
  <listeners>
  	<listener class-name="utilities.Listeners"></listener>
  	<listener class-name="utilities.ExtentReportManager"></listener>
  </listeners>
  
  <test thread-count="5" name="ZigWheels(Edge)-Test">
    <parameter name="browser" value="Edge"></parameter>
    <classes>
      <class name="testsBase.BaseClass"/>
      <class name="testSuites.TestSuite1_UpcomingHondaBikes"/>
      <class name="testSuites.TestSuite2_UsedCarsInChennai"/>
      <class name="testSuites.TestSuite3_Login"/>
    </classes>
  </test> <!-- Test -->

</suite> <!-- Suite -->
